-- phpMyAdmin SQL Dump
-- version 3.3.7deb7
-- http://www.phpmyadmin.net
--
-- Хост: localhost
-- Время создания: Сен 29 2014 г., 14:50
-- Версия сервера: 5.1.73
-- Версия PHP: 5.3.3-7+squeeze19

SET SQL_MODE="NO_AUTO_VALUE_ON_ZERO";


/*!40101 SET @OLD_CHARACTER_SET_CLIENT=@@CHARACTER_SET_CLIENT */;
/*!40101 SET @OLD_CHARACTER_SET_RESULTS=@@CHARACTER_SET_RESULTS */;
/*!40101 SET @OLD_COLLATION_CONNECTION=@@COLLATION_CONNECTION */;
/*!40101 SET NAMES utf8 */;

--
-- База данных: `siteexpo`
--

-- --------------------------------------------------------

--
-- Структура таблицы `se_cases`
--

CREATE TABLE IF NOT EXISTS `se_cases` (
  `id` int(11) unsigned NOT NULL AUTO_INCREMENT,
  `name` varchar(128) DEFAULT NULL,
  `desc` varchar(255) DEFAULT NULL,
  `status` tinyint(4) DEFAULT NULL,
  `url` varchar(128) DEFAULT NULL,
  `date` datetime DEFAULT NULL,
  `link` varchar(128) DEFAULT NULL,
  PRIMARY KEY (`id`)
) ENGINE=InnoDB  DEFAULT CHARSET=utf8 AUTO_INCREMENT=5 ;

--
-- Дамп данных таблицы `se_cases`
--

INSERT INTO `se_cases` (`id`, `name`, `desc`, `status`, `url`, `date`, `link`) VALUES
(1, 'TED', 'Международная логистическая компания', 1, 'ted', '2014-07-30 16:16:09', 'tedtrans.com'),
(2, 'Roombion', 'Современный интернет-магазин', 1, 'roombion', '2014-07-30 16:16:21', 'roombion.ru'),
(3, 'Pizzarion', 'Доставка пиццы в Москве', 1, 'pizzarion', '2014-07-30 16:18:40', 'pizzarion.ru'),
(4, 'PartnerExpo', 'Партнерская программа', 0, 'partnerexpo', '2014-07-30 16:18:56', 'partnerexpo.ru');

-- --------------------------------------------------------

--
-- Структура таблицы `se_pages`
--

CREATE TABLE IF NOT EXISTS `se_pages` (
  `id` int(11) NOT NULL AUTO_INCREMENT,
  `name` varchar(255) NOT NULL,
  `title` varchar(255) NOT NULL,
  `description` varchar(255) DEFAULT NULL,
  `keywords` varchar(255) DEFAULT NULL,
  PRIMARY KEY (`id`),
  UNIQUE KEY `name` (`name`)
) ENGINE=InnoDB  DEFAULT CHARSET=utf8 AUTO_INCREMENT=13 ;

--
-- Дамп данных таблицы `se_pages`
--

INSERT INTO `se_pages` (`id`, `name`, `title`, `description`, `keywords`) VALUES
(1, 'main', 'Создание сайтов и мобильных приложений — Сайт Экспо', '', ''),
(2, 'prices', 'Разработка и дизайн сайтов для бизнеса — Сайт Экспо', NULL, NULL),
(3, 'blog', 'Статьи о сайтостроении, веб разработках и продвижении сайтов', '', ''),
(4, 'contacts', 'Контакты', '', ''),
(7, 'portfolio', 'Сайты, которые мы создали - портфолио студии ', '', ''),
(8, 'blog/razrabotka-kachestvennogo-sajta', 'Этапы и особенности разработки качественного сайта', '', ''),
(9, 'portfolio/roombion', 'Портфолио: как мы сделали современный интернет магазин Roombion', '', ''),
(10, 'portfolio/ted', 'Портфолио: создали сайт международной логистической компании TED', '', ''),
(11, 'portfolio/pizzarion', 'Портфолио: разработали сайт для службы доставки пиццы в Москве', '', ''),
(12, 'blog/otzyvovy-dlja-internet-magazina', 'Важность отзывов покупателей для интернет магазина', NULL, NULL);

-- --------------------------------------------------------

--
-- Структура таблицы `se_postimages`
--

CREATE TABLE IF NOT EXISTS `se_postimages` (
  `id` int(11) unsigned NOT NULL AUTO_INCREMENT,
  `name` varchar(255) DEFAULT NULL,
  `ext` varchar(32) DEFAULT NULL,
  `file` varchar(255) DEFAULT NULL,
  `date` datetime DEFAULT NULL,
  `post_id` int(11) DEFAULT NULL,
  PRIMARY KEY (`id`)
) ENGINE=InnoDB  DEFAULT CHARSET=utf8 AUTO_INCREMENT=5 ;

--
-- Дамп данных таблицы `se_postimages`
--

INSERT INTO `se_postimages` (`id`, `name`, `ext`, `file`, `date`, `post_id`) VALUES
(1, '171832b36634d42e072194be38df47a9', 'jpg', '171832b36634d42e072194be38df47a9.jpg', '2014-08-12 16:34:51', 1),
(2, '5956ba634cc1d46ec2173557065dc354', 'jpg', '5956ba634cc1d46ec2173557065dc354.jpg', '2014-09-15 18:47:22', 2),
(3, '42ecfc0b8302b3accad8df8a5db40841', 'jpg', '42ecfc0b8302b3accad8df8a5db40841.jpg', '2014-09-15 19:11:55', 1),
(4, 'fb80adf37224665f820d57c5b94cfe3c', 'jpg', 'fb80adf37224665f820d57c5b94cfe3c.jpg', '2014-09-15 19:12:31', 1);

-- --------------------------------------------------------

--
-- Структура таблицы `se_posts`
--

CREATE TABLE IF NOT EXISTS `se_posts` (
  `id` int(11) unsigned NOT NULL AUTO_INCREMENT,
  `title` varchar(255) DEFAULT NULL,
  `text` text,
  `url` varchar(255) DEFAULT NULL,
  `date` datetime DEFAULT NULL,
  `status` tinyint(4) DEFAULT NULL,
  `comments_count` int(11) DEFAULT NULL,
  PRIMARY KEY (`id`)
) ENGINE=InnoDB  DEFAULT CHARSET=utf8 AUTO_INCREMENT=3 ;

--
-- Дамп данных таблицы `se_posts`
--

INSERT INTO `se_posts` (`id`, `title`, `text`, `url`, `date`, `status`, `comments_count`) VALUES
(1, 'Этапы разработки качественного сайта', '<p>Итак, вы решили заказать сайт. С чего начать? Интернет пестрит различными предложениями, но в какую веб-студию обратиться? Давайте внесем ясность в производственную кухню создания сайтов и подробно разберем все этапы разработки интернет-сайтов. Это поможет вам избежать ряда ошибок и контролировать ход работы при создании вашего сайта. \n<h2></br>Разработка интернет-сайта</h2>\n<H3></br>Основные принципы создания сайта</H3>\n<ul>\n<li>эффективность сайта (увеличение продаж, привлечение клиентов)</li>\n<li>интуитивно понятный интерфейс</li>\n<li>уникальный, полезный контент</li>\n<li>правильное размещение рекламы</li>\n</ul>\n\n\n<p>Теперь подробнее остановимся на самих этапах создания сайта. Этапы разработки сайта — это цепочка последовательных шагов по созданию сайта. Выделяются следующие этапы разработки:</p> \n</br>\n<ul>\n<li>Выбор исполнителя. Заключение договора</li>\n<li>Разработка ТЗ (технического задания)</li>\n<li>Дизайн сайта (разработка макета)</li>\n<li>Верстка</li>\n<li>Программирование сайта</li>\n<li>Наполнение сайта контентом (текст, фото)</li>\n<li>Продвижение сайта, рекламная поддержка</li>\n<li>Поддержка сайта (администрирование)</li>\n</ul>\n</br>\n<p>Теперь разберем каждый этап разработки и его особенности. </p>\n\n<h3></br>1. Выбор исполнителя</h3>\n<p>Этот этап не относится непосредственно к разработке, но на нем нужно остановится подробнее, так как от выбора добросовестного исполнителя зависит качество готового сайта. Современный сайт можно заказать либо у фрилансера, либо у веб-студии. У студии сайт стоит немного дороже, зато гарантией выполнения заказа является договор, и над вашим проектом будет работать целая команда (менеджер, проектировщик, дизайнер, программист, копирайтер), а не одиночка-фрилансер. </p>\n<H3></br>Цена создания сайта</H3>\n<p><a href="http://siteexpo.ru/prices">Цена разработки сайта</a> зависит от вида сайта и его сложности. Интернет-магазин с личным кабинетом пользователя стоит дороже, чем одностраничный промо-сайт. Рассчитать стоимость сайта можно с помощью <a href="http://siteexpo.ru/prices">калькулятора</a>.</p>\n\n<h3></br>2. Разработка технического задания</h3>\n<p>Любой профессионал, который занимается разработкой сайтов, расскажет вам о важности разработки техзадания. Вы подробно излагаете все ваши пожелания относительно сайта, определяете бюджет. На этом шаге разрабатывается концепция сайта. У многих веб-студий есть специальные готовые шаблоны технического задания.</br></br>Подсказка: определите в ТЗ количество макетов, которые должен предоставить исполнитель.</br></br>На этом этапе важно подобрать для вашего сайта название. Желательно регистрировать сайт в доменных зонах .ru и .com. Название сайта должно быть коротким и запоминающимся. Желательно не использовать в имени сайта дефис (-).</br></br>Главная ваша задача при обсуждении ТЗ — донести суть вашего проекта до исполнителя. Постарайтесь описать ваш сайт в свободной форме. Настоящий профессионал поймет вас сразу. Если заказываете интернет-магазин, то объясните, в чем его отличие от других интернет-магазинов (если оно есть). При обсуждении проекта сразу определитесь, какие решения заказчик может принимать самостоятельно.</p>\n\n<h3></br>3. Разработка макета</h3>\n<p>Итак, задачи поставлены, теперь определяемся с макетом. На этом этапе становится понятно, как выглядит дизайн сайта целиком, включая цветовое и стилистическое решение. Разработка макета занимает от нескольких дней до нескольких месяцев (при работе над особо сложными проектами).</br></br>Подсказка: сайт не обязательно должен быть ярким и броским, главная задача сайта — привлечь посетителей. Поэтому акцент лучше делать на функциональность и удобство использования.</br></br>Клиент за 8 секунд принимает решение — нравится ему магазин или нет.</br></br>При создании сайтов мы учитываем поведение на сайте ваших клиентов. По статистике пользователь за первые 8 секунд формирует свое представление о сайте. Именно поэтому мы создаем сайты, которые и функциональны, и привлекательны с точки зрения дизайна.</p>\n\n<h3></br>4. Верстка</h3>\n<p>Верстка — это создание CSS и HTML кодов для веб-страниц, по сути это преобразование готового макета в HTML код. Готовый макет нарезается на части, которые потом будут использоваться на сайте.</p>\n\n<h3></br>5. Программирование</h3>\n<p>На этом этапе специалисты разрабатывают программную часть сайта. Это уже рабочая версия сайта, которая в будущем заполняется контентом. Затем интернет-сайт уже публикуется в сети.</br></br>Важно протестировать ваш сайт во всех браузерах. При хорошем программировании и чистой верстке сайт будет отражаться во всех браузерах одинаково.</br></br>Кроссбраузерность — это корректность отображения сайта во всех современных браузерах.</p>\n\n<h3></br>6. Наполнение сайта контентом</h3>\n<p>На данном этапе сайт наполняют контентом: текстовыми и графическими материалами (фотографии). Главное — наполнить свой сайт уникальным контентом. Целесообразно заказать у студии так называемый <i>продающий текст</i>. Такой текст как правило размещают на главной странице, его задача — заинтересовать посетителя сайта и побудить его купить товар, заказать услугу, которую вы предлагаете. </p>\n\n<h3></br>Продвижение сайта — поддержка и раскрутка</h2>\n<p>Сайт готов и отлично функционирует. Но помимо вашего сайта в интернете существует тысячи других сайтов. Для того чтобы на ваш сайт обратили внимание, необходимо профессионально заниматься его продвижением. Сегодня актуальным становится продвижение сайта через социальные сети VK, Facebook, Twitter.</br></br>Подсказка: советуем обратиться к услугам профессионального СЕО-специалиста для продвижения ваших текстов по ключевым словам (эту слуга также можно предусмотреть при составлении сметы с веб-студией). Это продвинет ваш сайт в поисковиках Google и Yandex.</br></br>Как заказать интернет-сайт?</br></br>Если вы хотите заказать разработку собственного сайта (интернет-магазина, корпоративного сайта, промо-сайта), оставьте заявку на SiteExpo.</p>\n\n<H3></br>СайтЭкспо работает на рынке 8 лет</H4>\n<p>Мы можем создать для вас сайт в Москве, мы работаем как с компаниями, так и с частными лицами. Все наши сайты — удобные для посетителей. Наши вежливые менеджеры свяжутся с вами и ответят на все интересующие вопросы.</p>', 'razrabotka-kachestvennogo-sajta', '2014-08-12 16:34:51', 1, NULL),
(2, 'Важность отзывов покупателей для интернет магазина', '<p>Интернет-магазины на сегодняшний день очень популярны. Вы можете приобрести желаемый товар не выходя из дома. Но бывают случаи, когда вы хотите больше узнать о товаре. Как показывает статистика, посетители пишут комментарии на странице нужного им товара и задают различные вопросы. Но одним из самых больших недостатков интернет-магазина является недостаточное внимание к страницам с комментариями. </p>\n<p>Такие ситуации вы можете часто встретить на различных страницах интернет-магазинов, где люди интересуются каким-либо товаром, или даже пишут негативные отзывы о том, что товар пришел поврежденным, или вообще не пришел. Стоит отметить то, что такой интернет магазин явно не привлечет клиента. И скорее его оттолкнет.  Так как по одной только страничке с комментариями можно увидеть то, как администрация заботится о своем клиенте или не делает это вообще.</p>\n \n<p>В этой статье мы поясним, почему именно отзывы покупателей являются важной деталью ecommerce-проекта. Также мы расскажем, как можно сильно улучшить и повысить качество комментирования и почему не стоит бояться негатива.</p>\n \n<h2>Что дают отзывы на товары</h2>\n<p>В любом случае отзывы оказывают хорошее воздействие.\n<p>Первое: помощь в выборе товаров.  Конечно же, прочитав отзывы, человеку будет легче выбрать нужный ему товар. Так как он увидит реальные отзывы покупателей;\n<p>Второе: непосредственное увеличение конверсии товаров;\n<p>Третье: отзывы помогут вам создать уникальный контент для поисковиков;</p>\n \n<p>Сейчас мы рассмотрим каждый их пунктов подробнее.</p>\n<ol>Помощь в выборе товара\n<li>Ни для кого не секрет, что перед выбором интернет-магазина, большинство пользователей изучают огромное количество различных отзовиков, где люди оставляют свои комментарии о покупке в том или ином интернет-магазине. Как показывает статистика, пользователи интернета больше всего доверяют отзывам и рекомендациям других покупателей, перед тем, как выбрать интернет-магазин.</li>\n<li>Вторым, не менее важным фактором, который помогает в выборе товара, это полная и объективная информация о товаре!  Покупатели обратят внимание на интернет-магазин, где о каждом товаре есть достаточно информации, которая может быть полезна покупателю. Конечно же, если о товаре написано несколько слов или пару предложений, это сильного доверия не вызовет. Как можно купить товар, почти ничего о нем не зная? Так что недостаток описания товара, является большим минусом для интернет-магазина.</li>\n </ol>\n<h2>Увеличение конверсии продажи товаров</h2>\n \n<p>Отзывы на товары крайне положительно влияют и на конверсию.</p>\n<p>Многим интернет-магазинам удалось увеличить свою конверсию только благодаря отзывам.</p>\n<p>Любой посетитель интернет-магазина наблюдает за тем, как администрация сайта отвечает на любые интересующие вопросы от покупателей.  Таким образом у покупателя возрастает доверие к данному магазину, так как в случае чего, он сможет получить ответ на любой вопрос.  Так же хочется отметить то, что интернет-магазины без отзывов почти не пользуются популярностью среди покупателей.</p>\n \n<h3>Создание уникального контента для поисковых систем</h3>\n<ol>\n<li>Отзывы являются уникальным и беспрерывно обновляющимся контентом, который имеет огромное значение в ранжировании сайтов, особенно на сегодняшний день. Очень часто бывают ситуации, когда комментарии могут «сгладить» отсутствие полезных описаний товара.</li>\n<li>Наличие комментарием на страницах карточек товаров в интернет-магазинах может помогать увеличению позиций в выдаче поисковых систем по запросам «<товар> отзывы + НЧ-шлейф».</li>\n<li>Отзывы помогают в формировке расширенных сниппетов, которые поддерживают прирост  CTR в SERP на 10-20%.</li>\n<li>Очень важно, чтобы отзывы индексировались. Пользователям нужно дать возможность оставить отзыв без долгих и сложных регистраций. Он не будет тратить время на это. Все должно быть быстро и просто, без лишних заморочек.</li>\n  </ol>\n<h3>Как получить отзывы</h3>\n<ul>Самые главные способы  добыть отзывы:\n<li>Постпродажные e-mail рассылки.</li>\n<li>Мотивация для покупателей (конкурсы, бонусы, скидки…).</li>\n<li>Призыв к отзывам на страницах сайта.</li>\n<li>Заказные отзывы на биржах контента.</li>\n  </ul>\n<p>Постпродажные e-mail рассылки</p>\n<p>Вам нужно настроить интернет рассылку. Но речь не идет о спаме. Речь идет о ваших бывших клиентах. То есть, вы просто присылаете письмо, с просьбой оставить отзыв тем пользователям, которые у вас уже совершили покупку.  В этом случае вы получите абсолютно уникальный и естественный отзыв от вашего покупателя. И как обычно, такие отзывы привлекают наибольшее количество внимания от потенциальных покупателей.</p>\n \n<p>Мотивация</p>\n<p>Нужно постоянно мотивировать посетителей, и тем более покупателей, которые уже совершали у вас покупку. Могут быть разные способы мотивации. Самый простой – это скидки. Это может быть простая скидка на товар, или скидка на второй, третий товар.  Это мотивирует покупателя на покупку еще одного товара. И как показывает статистика, такая скидка очень часто имеет успех.  Еще один способ получить подарок покупателю, это оставить отзыв. Можно сделать конкурс на самый подробный и интересный отзыв о товаре.  Это будет огромный плюс для вашего интернет-магазина и приятный подарок для покупателя! И как вы поняли, такие конкурсы только дадут разгон вашему интернет-магазину и у вас появится больше положительных отзывов.</p>\n \n<p>Призыв посетителей к отзывам на страницах товаров</p>\n<p>На всех страницах с описанием товара вам нужно обязательно добавить кнопку «Оставить отзыв». Она должна сразу бросаться в глаза, но ни в коем случае не отвлекать от покупки. Над этим стоит серьезно задуматься, чтобы не наделать ошибок. </p>\n \n<p>Заказывать отзывы на биржах контента</p>\n<p>Данный вариант не нужно применять брендам. Так как это может все испортить. Если отзывы будут писать 2-3 человека, они будут слегка похожи и это будет заметно. Таким образом это вызовет недоверие к интернет-магазину.</p>\n<p>Этот вариант полезен в случае недавнего создания сайта. Тогда это может действительно увеличить посещаемость интернет-магазина, а уже потом и покупки.</p>\n \n<p>Негативные отзывы</p>\n<p>Негативные отзывы демонстрируют прозрачность вашего интернет-магазина, что в свою очередь увеличивает доверие аудитории к вам. Но самое главное – это не оставлять негативные отзывы без внимания, или иными словами, просто нельзя игнорировать их. Более того, в первую очередь вам нужно реагировать именно на негативные отзывы, а уже потом отвечать на вопросы. Если вы сможете объективно ответить на негативный отзыв, это повысит уровень доверия со стороны покупателей и посетителей. Но самое главное, нужно отвечать на негатив так, чтоб это не вызвало еще большей агрессии со стороны покупателя. Вам нужно быть осторожным.</p>\n \n<h3>Немного информации о негативных отзывах:</h3>\n<ul>\n<li>68% пользователей интернета больше доверяют негативным отзывам, нежели положительным.</li>\n<li>95% пользователей считают, что если на сайте есть только положительные отзывы, то не все из них реальные.</li>\n<li>Посетители, которые больше внимания уделяют негативным отзывам, на 67% больше конверсионные, чем любители позитивных отзывов.</li>\n </ul>\n<p>При работе с негативными отзывами, вы должны реально задуматься над решением проблемы покупателя. В первую очередь вам нужно извиниться. Это смягчит агрессию и недовольство со стороны покупателя. После этого решить, как лучше загладить неудобства и обязательно отписаться о решении проблемы. Все должно быть четко, лаконично и вежливо!</p>\n \n<p>Заключение</p>\n<p>В данной статье мы постарались максимально четко объяснить то, почему интернет-магазинам нужно тщательно работать с отзывами и так же то, как они влияют на посещаемость вашего сайта.</p>\n<p>Не стоит забывать о самом главном, что качественная работа с негативными отзывами — это самый важный показатель внимания по отношению к клиентам. После активной работы с негативными отзывами вы увидите рост посещаемости и успешности вашего сайта, ведь у покупателей вы вызовете больше доверие. А этого очень часто не хватает.</p>\n \n<p>Но самым главным правилом является то, что каким бы ни был отзыв – никогда его не игнорируйте, отвечайте честно и искренние с  желанием помочь клиенту решить его  проблему.</p>\n<p>Желаем вам удачи.</p>\n', 'otzyvovy-dlja-internet-magazina', '2014-09-15 18:44:36', 1, NULL);

-- --------------------------------------------------------

--
-- Структура таблицы `se_requests`
--

CREATE TABLE IF NOT EXISTS `se_requests` (
  `id` int(11) unsigned NOT NULL AUTO_INCREMENT,
  `name` varchar(128) DEFAULT NULL,
  `phone` varchar(32) DEFAULT NULL,
  `email` varchar(128) DEFAULT NULL,
  `text` text,
  `status` tinyint(4) DEFAULT '0',
  `date` datetime DEFAULT NULL,
  `category` varchar(16) DEFAULT NULL,
  `type` tinyint(4) DEFAULT NULL,
  `services` varchar(128) DEFAULT NULL,
  `price` int(11) DEFAULT NULL,
  PRIMARY KEY (`id`)
) ENGINE=InnoDB  DEFAULT CHARSET=utf8 AUTO_INCREMENT=28 ;

--
-- Дамп данных таблицы `se_requests`
--

INSERT INTO `se_requests` (`id`, `name`, `phone`, `email`, `text`, `status`, `date`, `category`, `type`, `services`, `price`) VALUES
(10, 'Татьяна', '7 926 172-87-52', 'plaras@yandex.ru', 'Какой срок исполнения несложного сайта, продажи электроники(мобильные телефоны)?', 1, '2014-04-01 16:32:03', NULL, NULL, NULL, NULL),
(12, 'Мугутдин', '+7 926 870-88-99', 'xmugutdin@gmail.com', NULL, 1, '2014-04-04 14:13:09', 'shop', 2, '', NULL),
(13, 'че ебанулись с такими ценами, онлайн консультано бесплатно ставится', '+7 958 745-87-45', 'fdsfsdf@dsdsd.ds', NULL, 1, '2014-04-09 15:56:53', 'shop', 2, '', NULL),
(15, 'Кирилл Храбров', '7 926 717-92-31', '', 'Заявка на сайт', 1, '2014-05-28 15:28:15', NULL, NULL, NULL, NULL),
(16, 'Рустам Кузмани', '7 926 717-92-31', 'rustam@otono.ru', NULL, 1, '2014-05-29 15:23:48', 'shop', 1, '213,228,246', NULL),
(17, 'тест', '7 916 614-12-13', '', NULL, 1, '2014-05-29 15:29:33', 'startup', 3, '', NULL),
(18, 'Рустам Кузмани', '7 926 717-92-31', 'rustam@otono.ru', NULL, 1, '2014-05-29 15:30:57', 'corporate', 2, '36,40,42,51', NULL),
(19, '111', '7 916 614-12-13', '', '111', 1, '2014-05-30 12:10:33', NULL, NULL, NULL, NULL),
(20, '11', '7 916 614-12-13', '', NULL, 1, '2014-05-30 12:10:59', 'shop', 1, '247', NULL),
(21, 'тест', '7 916 614-12-13', '', NULL, 1, '2014-05-30 17:08:04', 'corporate', 2, '', NULL),
(22, 'тест', '7 916 614-12-13', '', '11', 1, '2014-05-30 17:08:21', NULL, NULL, NULL, NULL),
(23, 'Рустам Кузмани', '7 926 717-92-31', 'rustam@otono.ru', NULL, 1, '2014-06-26 19:53:08', NULL, NULL, NULL, NULL),
(24, 'Евгения, web-дизайнер', '0 000 000-00-00', 'kozina.evg@mail.ru', 'Здравствуйте, вы сотрудничаете с дизайнерами удаленно попроектно? На какую почту лучше выслать свои работы?', 1, '2014-07-16 13:48:54', NULL, NULL, NULL, NULL),
(25, 'Рустам Кузмани', '7 926 717-92-31', 'rustam@otono.ru', NULL, 1, '2014-07-28 22:19:27', NULL, NULL, NULL, NULL),
(26, 'Рустам Кузмани', '7 926 717-92-31', 'rustam@otono.ru', NULL, 1, '2014-07-28 22:19:52', 'corporate', 2, '51', NULL),
(27, 'Рустам', '7 926 717-92-31', 'rustam@otono.ru', NULL, 1, '2014-08-07 18:17:39', NULL, NULL, NULL, NULL);

-- --------------------------------------------------------

--
-- Структура таблицы `se_roles`
--

CREATE TABLE IF NOT EXISTS `se_roles` (
  `id` int(11) unsigned NOT NULL AUTO_INCREMENT,
  `name` varchar(32) NOT NULL,
  `description` varchar(255) NOT NULL,
  PRIMARY KEY (`id`),
  UNIQUE KEY `uniq_name` (`name`)
) ENGINE=InnoDB  DEFAULT CHARSET=utf8 AUTO_INCREMENT=8 ;

--
-- Дамп данных таблицы `se_roles`
--

INSERT INTO `se_roles` (`id`, `name`, `description`) VALUES
(1, 'login', 'Login privileges, granted after account confirmation'),
(2, 'admin', 'Administrative user, has access to everything.'),
(3, 'prices', ''),
(4, 'requests', ''),
(5, 'blog', ''),
(6, 'seo', ''),
(7, 'portfolio', '');

-- --------------------------------------------------------

--
-- Структура таблицы `se_roles_users`
--

CREATE TABLE IF NOT EXISTS `se_roles_users` (
  `user_id` int(10) unsigned NOT NULL,
  `role_id` int(10) unsigned NOT NULL,
  PRIMARY KEY (`user_id`,`role_id`),
  KEY `fk_role_id` (`role_id`)
) ENGINE=InnoDB DEFAULT CHARSET=utf8;

--
-- Дамп данных таблицы `se_roles_users`
--

INSERT INTO `se_roles_users` (`user_id`, `role_id`) VALUES
(1, 1),
(1, 2),
(1, 3),
(1, 4),
(1, 5),
(1, 6),
(1, 7);

-- --------------------------------------------------------

--
-- Структура таблицы `se_services`
--

CREATE TABLE IF NOT EXISTS `se_services` (
  `id` int(11) unsigned NOT NULL AUTO_INCREMENT,
  `name` varchar(255) DEFAULT NULL,
  `price` int(11) DEFAULT NULL,
  `category` varchar(16) DEFAULT NULL,
  `type` tinyint(4) DEFAULT NULL,
  `sort_order` int(11) DEFAULT NULL,
  `date` datetime DEFAULT NULL,
  `package` varchar(16) DEFAULT NULL,
  PRIMARY KEY (`id`)
) ENGINE=InnoDB  DEFAULT CHARSET=utf8 AUTO_INCREMENT=274 ;

--
-- Дамп данных таблицы `se_services`
--

INSERT INTO `se_services` (`id`, `name`, `price`, `category`, `type`, `sort_order`, `date`, `package`) VALUES
(2, 'Поиск по сайту', 15000, 'shop', 1, 2, NULL, 'additional'),
(3, 'Интерактивная корзина с возможностью регистрации', 20000, 'shop', 1, 3, NULL, 'additional'),
(4, 'Подключение корпоративной почты <a href="http://zioniti.com"  target="blank">Zioniti.com</a> (1 аккаунта)', 25000, 'shop', 2, 1, NULL, 'additional'),
(5, 'Подключение SMS-сервиса', 15000, 'shop', 2, 2, NULL, 'additional'),
(6, 'Отзывы к товарам', 20000, 'shop', 2, 3, NULL, 'additional'),
(7, 'Личный кабинет пользователя', 60000, 'shop', 2, 4, NULL, 'additional'),
(8, 'Онлайн консультант', 5000, 'shop', 2, 5, NULL, 'additional'),
(9, 'Оптимизация под поисковые системы', 50000, 'shop', 2, 6, NULL, 'additional'),
(10, 'Базовая Интеграция с 1С обмен товарами и заказами', 40000, 'shop', 2, 7, NULL, 'additional'),
(11, 'Фильтр товаров по их характеристикам', 40000, 'shop', 2, 8, NULL, 'additional'),
(12, 'Landing page (посадочная страница)', 120000, 'shop', 2, 9, NULL, 'additional'),
(13, 'Раздел «Отложенные товары»', 20000, 'shop', 2, 10, NULL, 'additional'),
(14, 'Дополнительные категории и характеристики товаров (new, sale, pop)', 25000, 'shop', 2, 11, NULL, 'additional'),
(15, 'Каталог производителей с описаниями', 30000, 'shop', 2, 12, NULL, 'additional'),
(16, 'Быстрый просмотр товаров', 60000, 'shop', 2, 13, NULL, 'additional'),
(17, 'Лидеры продаж ', 15000, 'shop', 2, 14, NULL, 'additional'),
(18, 'Выгрузка в ЯМаркет', 30000, 'shop', 2, 15, NULL, 'additional'),
(19, 'Мобильная версия для iOS', 150000, 'shop', 3, 1, NULL, 'additional'),
(20, 'Мобильная версия для Android', 150000, 'shop', 3, 2, NULL, 'additional'),
(21, 'SSL сертификат (шифрование данных)', 15000, 'shop', 3, 3, NULL, 'additional'),
(22, 'Расширенная Интеграция с 1С', 120000, 'shop', 3, 4, NULL, 'additional'),
(23, 'Персональные скидки', 60000, 'shop', 3, 5, NULL, 'additional'),
(24, 'Оповещения клиентов о статусе его заказа по SMS', 30000, 'shop', 3, 6, NULL, 'additional'),
(25, 'Скидки по промо-кодам и подарочным сертификатам', 45000, 'shop', 3, 7, NULL, 'additional'),
(26, 'Система подписок/рассылок e-mail ', 60000, 'shop', 3, 8, NULL, 'additional'),
(27, 'Англоязычная версия сайта', 80000, 'shop', 3, 9, NULL, 'additional'),
(28, 'Форум', 35000, 'shop', 3, 10, NULL, 'additional'),
(29, 'Опросы и голосования', 15000, 'shop', 3, 11, NULL, 'additional'),
(30, 'Подбор и регистрация доменного имени', 15000, 'shop', 3, 12, NULL, 'additional'),
(31, 'A/B тестирование ', 200000, 'shop', 3, 13, NULL, 'additional'),
(34, 'Новости компании', 12000, 'corporate', 1, 1, NULL, 'additional'),
(35, 'Составление уникальных текстов', 17000, 'corporate', 1, 2, NULL, 'additional'),
(36, 'Разработка логотипа', 37000, 'corporate', 2, 1, NULL, 'additional'),
(37, 'Создание брендбука', 70000, 'corporate', 2, 2, NULL, 'additional'),
(38, 'Нейминг для новой компании', 35000, 'corporate', 2, 3, NULL, 'additional'),
(39, 'Калькулятор стоимости услуг', 80000, 'corporate', 2, 4, NULL, 'additional'),
(40, 'Регистрация', 30000, 'corporate', 2, 5, NULL, 'additional'),
(41, 'Личный кабинет пользователя', 20000, 'corporate', 2, 6, NULL, 'additional'),
(42, 'Личный кабинет сотрудника', 20000, 'corporate', 2, 7, NULL, 'additional'),
(43, 'Блог компании', 17000, 'corporate', 2, 8, NULL, 'additional'),
(44, 'Имиджевые учетные записи в соц. сетях', 66000, 'corporate', 2, 9, NULL, 'additional'),
(45, 'Страница "FAQ" Часто задаваемые вопросы', 4000, 'corporate', 2, 10, NULL, 'additional'),
(46, 'Онлайн консультант', 14000, 'corporate', 2, 11, NULL, 'additional'),
(47, 'Версия сайта на английском языке', 68000, 'corporate', 2, 12, NULL, 'additional'),
(48, 'Поиск по сайту', 8500, 'corporate', 2, 13, NULL, 'additional'),
(49, 'Оптимизация под поисковые системы', 75000, 'corporate', 2, 14, NULL, 'additional'),
(50, 'Мобильная версия для iOS', 44000, 'corporate', 2, 15, NULL, 'additional'),
(51, 'Мобильная версия для Android', 44000, 'corporate', 2, 16, NULL, 'additional'),
(52, 'Личный кабинет сотрудника компании', 87000, 'corporate', 3, 1, NULL, 'additional'),
(53, 'SSL сертификат (шифрование данных)', 27000, 'corporate', 3, 2, NULL, 'additional'),
(55, 'Страница "FAQ" (часто задаваемые вопросы)', 17000, 'corporate', 3, 4, NULL, 'additional'),
(56, 'Онлайн консультант', 46000, 'corporate', 3, 5, NULL, 'additional'),
(57, 'Подключение SMS-рассылки', 38000, 'corporate', 3, 6, NULL, 'additional'),
(58, 'Мобильная версия для iOS', 85000, 'corporate', 3, 7, NULL, 'additional'),
(59, 'Мобильная версия для Android', 85000, 'corporate', 3, 8, NULL, 'additional'),
(62, 'FAQ (часто задаваемые вопросы)', 15000, 'startup', 1, 1, NULL, 'additional'),
(63, 'Подключение e-mail рассылки', 27000, 'startup', 1, 2, NULL, 'additional'),
(64, 'SSL сертификат (шифрование данных)', 28000, 'startup', 1, 3, NULL, 'additional'),
(65, 'Поиск по сайту', 37000, 'startup', 1, 4, NULL, 'additional'),
(66, 'SSL сертификат (шифрование данных)', 27000, 'startup', 2, 1, NULL, 'additional'),
(67, 'Блог', 18000, 'startup', 2, 2, NULL, 'additional'),
(68, 'Комментарии к разделам', 27000, 'startup', 2, 3, NULL, 'additional'),
(69, 'Онлайн консультант', 13000, 'startup', 2, 4, NULL, 'additional'),
(70, 'Мобильная версия для iOS', 167000, 'startup', 2, 5, NULL, 'additional'),
(71, 'Мобильная версия для Android', 180000, 'startup', 2, 6, NULL, 'additional'),
(72, 'Версия для планшетов iOS', 350000, 'startup', 2, 7, NULL, 'additional'),
(73, 'Версия для планшетов Android', 320000, 'startup', 2, 8, NULL, 'additional'),
(74, 'Базовая Интеграция с 1С', 28000, 'startup', 2, 9, NULL, 'additional'),
(75, 'Поиск по сайту', 17000, 'startup', 2, 10, NULL, 'additional'),
(76, 'Комментарии к разделам', 27000, 'startup', 3, 1, NULL, 'additional'),
(77, 'Онлайн консультант', 23000, 'startup', 3, 2, NULL, 'additional'),
(78, 'Мобильная версия для iOS', 367000, 'startup', 3, 3, NULL, 'additional'),
(79, 'Мобильная версия для Android', 380000, 'startup', 3, 4, NULL, 'additional'),
(80, 'Версия для планшетов iOS', 244000, 'startup', 3, 5, NULL, 'additional'),
(81, 'Версия для планшетов Android', 244000, 'startup', 3, 6, NULL, 'additional'),
(82, 'Интеграция с 1С', 85000, 'startup', 3, 7, NULL, 'additional'),
(83, 'Готовый дизайн (шаблон)', 48000, 'shop', 1, 1, NULL, 'base'),
(87, 'Категории товаров', 0, 'shop', 1, 2, '2014-03-24 20:14:11', 'base'),
(88, 'Неограниченное количество товаров', 0, 'shop', 1, 3, '2014-03-24 20:14:24', 'base'),
(89, 'Форма заказа без регистрации', 0, 'shop', 1, 4, '2014-03-24 20:14:32', 'base'),
(90, 'Индивидуальный дизайн сайта', 200000, 'shop', 2, 1, '2014-03-24 20:15:12', 'base'),
(91, 'Категории товаров', 5000, 'shop', 2, 2, '2014-03-24 20:26:13', 'base'),
(92, 'Неограниченное количество товаров', 5000, 'shop', 2, 3, '2014-03-24 20:26:20', 'base'),
(94, 'Готовая панель управления (CMS)', 30000, 'shop', 2, 5, '2014-03-24 20:26:31', 'base'),
(95, 'Раздел "Оплата"', 5000, 'shop', 2, 6, '2014-03-24 20:26:36', 'base'),
(96, 'Раздел "Доставка"', 5000, 'shop', 2, 7, '2014-03-24 20:26:44', 'base'),
(97, 'Раздел "Контакты"', 5000, 'shop', 2, 8, '2014-03-24 20:26:51', 'base'),
(98, 'Подключение приема пластика и электронных платежей', 10000, 'shop', 3, 16, '2014-03-24 20:26:58', 'base'),
(99, 'Индивидуальный дизайн сайта', 200000, 'shop', 3, 2, '2014-03-24 20:27:27', 'base'),
(100, 'Брендбук', 100000, 'shop', 3, 3, '2014-03-24 20:27:32', 'base'),
(101, 'Категории товаров', 5000, 'shop', 3, 4, '2014-03-24 20:27:38', 'base'),
(102, 'Неограниченное количество товаров', 5000, 'shop', 3, 5, '2014-03-24 20:27:44', 'base'),
(103, 'Готовая панель управления (CMS)', 30000, 'shop', 3, 6, '2014-03-24 20:27:50', 'base'),
(104, 'Раздел "Оплата"', 5000, 'shop', 3, 7, '2014-03-24 20:27:55', 'base'),
(105, 'Раздел "Доставка"', 5000, 'shop', 3, 8, '2014-03-24 20:28:06', 'base'),
(108, 'Раздел «Контакты» с картой и формой обратной связи', 5000, 'shop', 3, 11, '2014-03-24 20:28:35', 'base'),
(109, 'Страница "FAQ" (часто задаваемые вопросы)', 5000, 'shop', 3, 12, '2014-03-24 20:28:44', 'base'),
(110, 'Поиск по сайту', 15000, 'shop', 3, 13, '2014-03-24 20:28:49', 'base'),
(111, 'Интерактивная корзина с возможностью регистрации', 20000, 'shop', 3, 14, '2014-03-24 20:28:57', 'base'),
(112, '3 Профессиональных Баннера', 15000, 'shop', 3, 15, '2014-03-24 20:29:05', 'base'),
(113, 'Раздел Новости', 5000, 'shop', 3, 16, '2014-03-24 20:29:11', 'base'),
(114, 'Сортировка товаров по цене и наименованию', 5000, 'shop', 3, 17, '2014-03-24 20:29:26', 'base'),
(116, 'Подключение корпоративной почты <a href="http://zioniti.com"  target="blank">Zioniti.com</a> (2 аккаунта)', 15000, 'shop', 3, 19, '2014-03-24 20:30:26', 'base'),
(117, 'Готовый дизайн (шаблон)', 28000, 'corporate', 1, 1, '2014-03-24 20:31:57', 'base'),
(118, 'Раздел «Контакты» с картой', 0, 'corporate', 1, 2, '2014-03-24 20:32:11', 'base'),
(119, 'Форма обратной связи', 0, 'corporate', 1, 3, '2014-03-24 20:33:06', 'base'),
(120, 'Продукты и/или услуги компании', 0, 'corporate', 1, 4, '2014-03-24 20:33:13', 'base'),
(121, 'Готовая панель управления (CMS)', 0, 'corporate', 1, 5, '2014-03-24 20:33:19', 'base'),
(122, 'Несколько вариантов дизайна', 95000, 'corporate', 2, 1, '2014-03-24 20:33:28', 'base'),
(123, 'Каталог товаров и/или услуг', 0, 'corporate', 2, 2, '2014-03-24 20:33:33', 'base'),
(124, 'Раздел «Контакты» с картой', 0, 'corporate', 2, 3, '2014-03-24 20:33:58', 'base'),
(125, 'Форма обратной связи', 0, 'corporate', 2, 4, '2014-03-24 20:34:04', 'base'),
(126, 'Новости компании', 0, 'corporate', 2, 5, '2014-03-24 20:34:09', 'base'),
(129, 'Составление текстов для сайта', 0, 'corporate', 2, 8, '2014-03-24 20:34:46', 'base'),
(130, 'Подключение e-mail рассылки', 0, 'corporate', 2, 9, '2014-03-24 20:34:52', 'base'),
(131, 'Панель управления (CMS)', 0, 'corporate', 2, 10, '2014-03-24 20:34:58', 'base'),
(132, 'Подключение корпоративной почты <a href="http://zioniti.com"  target="blank">Zioniti.com</a> (2 аккаунта)', 0, 'corporate', 2, 11, '2014-03-24 20:35:04', 'base'),
(133, 'Несколько вариантов дизайна', 950000, 'corporate', 3, 1, '2014-03-24 20:35:33', 'base'),
(134, 'Разработка логотипа', 0, 'corporate', 3, 2, '2014-03-24 20:35:38', 'base'),
(135, 'Создание брендбука', 0, 'corporate', 3, 3, '2014-03-24 20:35:43', 'base'),
(136, 'Фирменный стиль', 0, 'corporate', 3, 4, '2014-03-24 20:35:49', 'base'),
(138, 'Каталог товаров и/или услуг', 0, 'corporate', 3, 6, '2014-03-24 20:35:59', 'base'),
(139, 'Раздел «Контакты» с картой', 0, 'corporate', 3, 7, '2014-03-24 20:36:14', 'base'),
(140, 'Форма обратной связи', 0, 'corporate', 3, 8, '2014-03-24 20:36:21', 'base'),
(141, 'Блог компании', 0, 'corporate', 3, 9, '2014-03-24 20:36:26', 'base'),
(142, 'Раздел «Новости» по сфере деятельности компании', 0, 'corporate', 3, 10, '2014-03-24 20:36:39', 'base'),
(145, 'Составление текстов для сайта', 0, 'corporate', 3, 13, '2014-03-24 20:37:03', 'base'),
(146, 'Поиск по сайту', 0, 'corporate', 3, 14, '2014-03-24 20:37:08', 'base'),
(147, 'Регистрация', 0, 'corporate', 3, 15, '2014-03-24 20:37:12', 'base'),
(148, 'Личный кабинет пользователя', 0, 'corporate', 3, 16, '2014-03-24 20:37:17', 'base'),
(149, 'Оптимизация под поисковые системы', 0, 'corporate', 3, 17, '2014-03-24 20:37:23', 'base'),
(150, 'Подключение e-mail рассылки', 0, 'corporate', 3, 18, '2014-03-24 20:37:28', 'base'),
(151, 'Оригинальная панель управления', 0, 'corporate', 3, 19, '2014-03-24 20:37:34', 'base'),
(152, 'Подключение корпоративной почты <a href="http://zioniti.com"  target="blank">Zioniti.com</a> (5 аккаунтов)', 0, 'corporate', 3, 20, '2014-03-24 20:37:45', 'base'),
(153, 'Концепция', 235000, 'startup', 1, 1, '2014-03-24 20:38:12', 'base'),
(154, 'Разработка логотипа', 0, 'startup', 1, 2, '2014-03-24 20:38:17', 'base'),
(155, 'Фирменный стиль', 0, 'startup', 1, 3, '2014-03-24 20:38:22', 'base'),
(156, 'Проектирование интерфейсов', 0, 'startup', 1, 4, '2014-03-24 20:38:32', 'base'),
(157, 'Дизайн', 0, 'startup', 1, 5, '2014-03-24 20:38:37', 'base'),
(158, 'Разработка', 0, 'startup', 1, 6, '2014-03-24 20:38:44', 'base'),
(159, 'Тестирование', 0, 'startup', 1, 7, '2014-03-24 20:38:48', 'base'),
(161, 'Регистрация', 0, 'startup', 1, 9, '2014-03-24 20:38:58', 'base'),
(162, 'Личный кабинет пользователя', 0, 'startup', 1, 10, '2014-03-24 20:39:03', 'base'),
(163, 'Информационные разделы', 0, 'startup', 1, 11, '2014-03-24 20:39:08', 'base'),
(164, 'Реализация оригинальной идеи стартапа', 0, 'startup', 1, 12, '2014-03-24 20:39:14', 'base'),
(165, 'Концепция', 860000, 'startup', 2, 1, '2014-03-24 20:39:23', 'base'),
(166, 'Нейминг для проекта', 0, 'startup', 2, 2, '2014-03-24 20:39:28', 'base'),
(167, 'Создание брендбука', 0, 'startup', 2, 3, '2014-03-24 20:39:33', 'base'),
(168, 'Фирменный стиль', 0, 'startup', 2, 4, '2014-03-24 20:39:37', 'base'),
(169, 'Полиграфия (визитки, бланки, ручки, стаканы и т.п.)', 0, 'startup', 2, 5, '2014-03-24 20:39:42', 'base'),
(170, 'Landing page (посадочная страница)', 0, 'startup', 2, 6, '2014-03-24 20:39:49', 'base'),
(171, 'Проектирование интерфейсов', 0, 'startup', 2, 7, '2014-03-24 20:39:54', 'base'),
(172, 'Интерактивная демонстрация прототипа', 0, 'startup', 2, 8, '2014-03-24 20:40:00', 'base'),
(173, 'До 3 вариантов дизайна', 0, 'startup', 2, 9, '2014-03-24 20:40:05', 'base'),
(174, 'Оптимизация под поисковые системы', 0, 'startup', 2, 10, '2014-03-24 20:40:10', 'base'),
(175, 'Регистрация', 0, 'startup', 2, 11, '2014-03-24 20:40:15', 'base'),
(176, 'Личный кабинет пользователя', 0, 'startup', 2, 12, '2014-03-24 20:40:19', 'base'),
(177, 'Подключение e-mail рассылки', 0, 'startup', 2, 13, '2014-03-24 20:40:25', 'base'),
(178, 'FAQ - часто задаваемые вопросы', 0, 'startup', 2, 14, '2014-03-24 20:40:30', 'base'),
(179, 'Онлайн оплата товаров и/или услуг', 0, 'startup', 2, 15, '2014-03-24 20:40:35', 'base'),
(180, 'Составление текстов для сайта', 0, 'startup', 2, 16, '2014-03-24 20:40:40', 'base'),
(181, 'Имиджевые учетные записи в социальных сетях', 0, 'startup', 2, 17, '2014-03-24 20:40:45', 'base'),
(182, 'Информационные разделы', 0, 'startup', 2, 18, '2014-03-24 20:40:50', 'base'),
(183, 'Реализация оригинальной идеи стартапа', 0, 'startup', 2, 19, '2014-03-24 20:40:56', 'base'),
(184, 'Подключение корпоративной почты <a href="http://zioniti.com"  target="blank">Zioniti.com</a> (2 аккаунта)', 0, 'startup', 2, 20, '2014-03-24 20:41:02', 'base'),
(185, 'Концепция', 2750000, 'startup', 3, 1, '2014-03-24 20:41:31', 'base'),
(186, 'Проектирование интерфейсов', 0, 'startup', 3, 2, '2014-03-24 20:41:41', 'base'),
(187, 'Интерактивная демонстрация прототипа', 0, 'startup', 3, 3, '2014-03-24 20:41:46', 'base'),
(188, 'До 8 вариантов дизайна', 0, 'startup', 3, 4, '2014-03-24 20:41:51', 'base'),
(189, 'Нейминг для проекта', 0, 'startup', 3, 5, '2014-03-24 20:41:56', 'base'),
(190, 'Создание брендбука', 0, 'startup', 3, 6, '2014-03-24 20:42:02', 'base'),
(191, 'Фирменный стиль', 0, 'startup', 3, 7, '2014-03-24 20:42:07', 'base'),
(192, 'Полиграфия (визитки, бланки, ручки, стаканы и т.п.)', 0, 'startup', 3, 8, '2014-03-24 20:42:12', 'base'),
(193, 'Блог', 0, 'startup', 3, 9, '2014-03-24 20:42:16', 'base'),
(194, 'Имиджевые учетные записи в социальных сетях', 0, 'startup', 3, 10, '2014-03-24 20:42:21', 'base'),
(195, 'Онлайн оплата товаров и/или услуг', 0, 'startup', 3, 11, '2014-03-24 20:42:27', 'base'),
(196, 'FAQ - часто задаваемые вопросы', 0, 'startup', 3, 12, '2014-03-24 20:42:33', 'base'),
(197, 'Оптимизация под поисковые системы', 0, 'startup', 3, 13, '2014-03-24 20:42:37', 'base'),
(198, 'Регистрация', 0, 'startup', 3, 14, '2014-03-24 20:42:42', 'base'),
(199, 'Личный кабинет пользователя', 0, 'startup', 3, 15, '2014-03-24 20:42:47', 'base'),
(200, 'Подключение e-mail рассылки', 0, 'startup', 3, 16, '2014-03-24 20:42:52', 'base'),
(201, 'Составление текстов для сайта', 0, 'startup', 3, 17, '2014-03-24 20:42:57', 'base'),
(202, 'Подключение SMS-рассылки', 0, 'startup', 3, 18, '2014-03-24 20:43:02', 'base'),
(203, 'Информационные разделы', 0, 'startup', 3, 19, '2014-03-24 20:43:07', 'base'),
(204, 'Landing page (посадочная страница)', 0, 'startup', 3, 20, '2014-03-24 20:43:12', 'base'),
(205, 'Поиск по сайту', 0, 'startup', 3, 21, '2014-03-24 20:43:16', 'base'),
(206, 'Реализация оригинальной идеи стартапа', 0, 'startup', 3, 22, '2014-03-24 20:43:23', 'base'),
(207, 'SSL сертификат (шифрование данных)', 0, 'startup', 3, 23, '2014-03-24 20:43:28', 'base'),
(208, 'Подключение корпоративной почты <a href="http://zioniti.com"  target="blank">Zioniti.com</a> (5 аккаунта)', 0, 'startup', 3, 24, '2014-03-24 20:43:34', 'base'),
(209, '3 Профессиональных Баннера', 15000, 'shop', 1, 4, '2014-03-25 18:42:30', 'additional'),
(213, 'Раздел Новости', 5000, 'shop', 1, 5, '2014-04-06 13:38:04', 'additional'),
(214, 'Регистрация через социальные сети', 10000, 'shop', 2, 16, '2014-04-06 13:39:45', 'additional'),
(221, 'Программа лояльности с выпуском карт (+ дизайн карт)', 100000, 'shop', 2, 17, '2014-04-06 13:52:14', 'additional'),
(224, 'Подключение SMS-сервиса', 60000, 'shop', 3, 20, '2014-04-06 14:02:23', 'base'),
(228, 'Подключение приема пластика и электронных платежей', 10000, 'shop', 1, 6, '2014-04-06 14:23:45', 'additional'),
(229, 'Фирменный стиль', 0, 'corporate', 2, 10, '2014-04-06 14:33:06', 'base'),
(230, 'Приобретение домена и хостинга', 0, 'corporate', 2, 11, '2014-04-06 14:36:17', 'base'),
(231, 'Раздел «Статьи»', 0, 'corporate', 2, 12, '2014-04-06 14:37:17', 'base'),
(232, 'Фотогалерея', 0, 'corporate', 2, 13, '2014-04-06 14:38:55', 'base'),
(233, 'Приобретение домена и хостинга', 0, 'corporate', 3, 18, '2014-04-06 17:24:38', 'base'),
(234, 'Фотогалерея', 0, 'corporate', 3, 19, '2014-04-06 17:24:43', 'base'),
(235, 'Калькулятор стоимости услуг', 76000, 'corporate', 3, 8, '2014-04-06 17:25:33', 'additional'),
(236, 'Версия сайта на английском языке', 95000, 'corporate', 3, 9, '2014-04-06 17:26:10', 'additional'),
(237, 'Презентационное видео', 245000, 'corporate', 3, 10, '2014-04-06 17:27:11', 'additional'),
(238, 'CRM (система взаимодействия с клиентами)', 485000, 'corporate', 3, 11, '2014-04-06 17:28:23', 'additional'),
(239, 'Оптимизация под поисковые системы', 35000, 'startup', 1, 5, '2014-04-06 17:33:20', 'additional'),
(240, 'Нейминг для проекта', 25000, 'startup', 1, 6, '2014-04-06 17:33:53', 'additional'),
(241, 'Готовая панель управления (CMS)', 0, 'shop', 1, 5, '2014-04-09 17:41:22', 'base'),
(243, 'Раздел "Оплата"', 0, 'shop', 1, 6, '2014-04-09 17:41:56', 'base'),
(244, 'Раздел "Доставка"', 0, 'shop', 1, 7, '2014-04-09 17:42:10', 'base'),
(245, 'Раздел "Контакты"', 0, 'shop', 1, 8, '2014-04-09 17:42:23', 'base'),
(246, 'Сортировка товаров по цене и наименованию', 5000, 'shop', 1, 6, '2014-04-09 17:44:07', 'additional'),
(247, 'Страница "FAQ" (часто задаваемые вопросы)', 5000, 'shop', 1, 7, '2014-04-09 17:44:25', 'additional'),
(248, 'Страница "FAQ" (часто задаваемые вопросы)', 5000, 'shop', 2, 9, '2014-04-10 10:55:45', 'base'),
(249, 'Поиск по сайту', 15000, 'shop', 2, 10, '2014-04-10 10:55:54', 'base'),
(250, 'Интерактивная корзина с возможностью регистрации', 20000, 'shop', 2, 11, '2014-04-10 10:56:01', 'base'),
(251, '3 Профессиональных Баннера', 15000, 'shop', 2, 11, '2014-04-10 10:56:21', 'base'),
(252, 'Раздел Новости', 5000, 'shop', 2, 12, '2014-04-10 10:56:28', 'base'),
(253, 'Подключение приема пластика и электронных платежей', 10000, 'shop', 2, 13, '2014-04-10 10:56:35', 'base'),
(254, 'Сортировка товаров по цене и наименованию', 5000, 'shop', 2, 14, '2014-04-10 10:56:43', 'base'),
(255, 'Раздел Вакансии', 10000, 'shop', 2, 18, '2014-04-10 11:02:06', 'additional'),
(256, '5 Профессиональных баннеров в категории ', 40000, 'shop', 2, 19, '2014-04-10 11:02:17', 'additional'),
(257, 'Отзывы к товарам', 50000, 'shop', 3, 18, '2014-04-10 11:05:39', 'base'),
(258, 'Личный кабинет пользователя', 20000, 'shop', 3, 19, '2014-04-10 11:05:47', 'base'),
(259, 'Онлайн консультант', 5000, 'shop', 3, 20, '2014-04-10 11:05:52', 'base'),
(260, 'Оптимизация под поисковые системы', 50000, 'shop', 3, 21, '2014-04-10 11:05:57', 'base'),
(261, 'Базовая Интеграция с 1С обмен товарами и заказами', 40000, 'shop', 3, 22, '2014-04-10 11:06:03', 'base'),
(262, 'Фильтр товаров по их характеристикам', 40000, 'shop', 3, 23, '2014-04-10 11:06:08', 'base'),
(263, 'Landing page (посадочная страница)', 120000, 'shop', 3, 24, '2014-04-10 11:06:14', 'base'),
(264, 'Раздел «Отложенные товары»', 20000, 'shop', 3, 25, '2014-04-10 11:06:19', 'base'),
(265, 'Дополнительные категории и характеристики товаров (new, sale, pop)', 25000, 'shop', 3, 26, '2014-04-10 11:06:25', 'base'),
(266, 'Каталог производителей с описаниями', 80000, 'shop', 3, 27, '2014-04-10 11:06:42', 'base'),
(267, 'Быстрый просмотр товаров', 60000, 'shop', 3, 28, '2014-04-10 11:06:48', 'base'),
(268, 'Лидеры продаж ', 15000, 'shop', 3, 29, '2014-04-10 11:06:53', 'base'),
(269, 'Выгрузка в ЯМаркет', 30000, 'shop', 3, 30, '2014-04-10 11:06:59', 'base'),
(270, 'Программа лояльности с выпуском карт (+ дизайн карт)', 100000, 'shop', 3, 31, '2014-04-10 11:07:05', 'base'),
(271, 'Раздел Вакансии', 10000, 'shop', 3, 32, '2014-04-10 11:07:10', 'base'),
(272, '5 Профессиональных баннеров в категории ', 40000, 'shop', 3, 33, '2014-04-10 11:07:15', 'base'),
(273, 'Регистрация через социальные сети', 10000, 'shop', 3, 34, '2014-04-10 11:07:21', 'base');

-- --------------------------------------------------------

--
-- Структура таблицы `se_settings`
--

CREATE TABLE IF NOT EXISTS `se_settings` (
  `id` int(11) unsigned NOT NULL AUTO_INCREMENT,
  `name` varchar(128) DEFAULT NULL,
  `value` varchar(128) DEFAULT NULL,
  PRIMARY KEY (`id`)
) ENGINE=InnoDB  DEFAULT CHARSET=utf8 AUTO_INCREMENT=10 ;

--
-- Дамп данных таблицы `se_settings`
--

INSERT INTO `se_settings` (`id`, `name`, `value`) VALUES
(1, 'shop_budget', '80000'),
(2, 'shop_standart', '330000'),
(3, 'shop_unique', '1220000'),
(4, 'corporate_budget', '45000'),
(5, 'corporate_standart', '175000'),
(6, 'corporate_unique', '1260000'),
(7, 'startup_budget', '235000'),
(8, 'startup_standart', '860000'),
(9, 'startup_unique', '2750000');

-- --------------------------------------------------------

--
-- Структура таблицы `se_users`
--

CREATE TABLE IF NOT EXISTS `se_users` (
  `id` int(11) unsigned NOT NULL AUTO_INCREMENT,
  `name` varchar(255) DEFAULT NULL,
  `email` varchar(254) NOT NULL,
  `username` varchar(32) NOT NULL DEFAULT '',
  `password` varchar(64) NOT NULL,
  `logins` int(10) unsigned NOT NULL DEFAULT '0',
  `last_login` int(10) unsigned DEFAULT NULL,
  `date` datetime DEFAULT NULL,
  PRIMARY KEY (`id`),
  UNIQUE KEY `uniq_username` (`username`),
  UNIQUE KEY `uniq_email` (`email`)
) ENGINE=InnoDB  DEFAULT CHARSET=utf8 AUTO_INCREMENT=2 ;

--
-- Дамп данных таблицы `se_users`
--

INSERT INTO `se_users` (`id`, `name`, `email`, `username`, `password`, `logins`, `last_login`, `date`) VALUES
(1, 'Администратор', 'rustam@otono.ru', 'admin', '2eec780143f4eedd4054bf9a811692f1a5563166cbd090eb1cbe1b7c4a893e8b', 58, 1411644970, '2014-03-18 16:08:23');

-- --------------------------------------------------------

--
-- Структура таблицы `se_user_tokens`
--

CREATE TABLE IF NOT EXISTS `se_user_tokens` (
  `id` int(11) unsigned NOT NULL AUTO_INCREMENT,
  `user_id` int(11) unsigned NOT NULL,
  `user_agent` varchar(40) NOT NULL,
  `token` varchar(40) NOT NULL,
  `created` int(10) unsigned NOT NULL,
  `expires` int(10) unsigned NOT NULL,
  PRIMARY KEY (`id`),
  UNIQUE KEY `uniq_token` (`token`),
  KEY `fk_user_id` (`user_id`),
  KEY `expires` (`expires`)
) ENGINE=InnoDB  DEFAULT CHARSET=utf8 AUTO_INCREMENT=41 ;

--
-- Дамп данных таблицы `se_user_tokens`
--

INSERT INTO `se_user_tokens` (`id`, `user_id`, `user_agent`, `token`, `created`, `expires`) VALUES
(23, 1, 'fce583acb6d03486c47e211f5aab993b09f191cb', 'c6d20377c0bd5652db7db9425e8237394a536679', 1400498724, 1401708324),
(24, 1, 'd7f2e3eb6aca7660e9bfcee7c6e5813f5b6ca055', 'f4ef177d33cd0e8caee8c4f437b785a9ea26cb78', 1401110528, 1402320128),
(25, 1, 'd4f09ab969f7263dd752040a91e66f34043b6e53', 'de6dfde08b436dd43e67e31bc42c1e5607cc7190', 1401363104, 1402572704),
(26, 1, '894af19d7638770229799ae0b5cb49e0cc462309', '0fbaf0e34a69d7307b5e920274ed6fb8abe0d5fe', 1405521104, 1406730704),
(27, 1, 'dc6e2b18161cf733765796d209cd71f12b1dd270', 'bfec196074e43eb2bb71f3d5dfc1b77439a06b6f', 1406209260, 1407418860),
(28, 1, '348b88762d2da8ea16c35cd7bb847231fd5b5057', '2e02847a085cad691300b7070b96ed8da52c447e', 1407149067, 1408358667),
(29, 1, 'f1c001ad77c79e6b0d5a7408cf99c929a541ff50', '7cef20cceca4c5e5b328d770d421960cf0748b24', 1407149159, 1408358759),
(30, 1, 'd9cbc713542bead8ba98363da9f6d82b5357a6bf', '5be4c7bbcd6569b05586fc888324d37a8914c544', 1407418560, 1408628160),
(31, 1, 'f1c001ad77c79e6b0d5a7408cf99c929a541ff50', '7f6d371425d9118d5a7d1e1d2b52f0f14939cbe5', 1407420854, 1408630454),
(33, 1, 'd9cbc713542bead8ba98363da9f6d82b5357a6bf', 'f8f37ced094654e705ccfae7b953d65b8662316f', 1407850886, 1409060486),
(34, 1, '61118e0a3feb70074f9f5561e03a509edd7f2195', 'e28cf7f78b3e760bd6b178fc9ef3826ffb9f720f', 1407939018, 1409148618),
(35, 1, '581b3a6a4378a1cdee00990029bffd1a47aff1b9', 'b9ce1b1efbbf0199a8190da9af0a973020dbe2db', 1409040521, 1410250121),
(36, 1, '7e59df8b3d2e55069406031c25610a99ac9401fa', 'ce0cc9bba93eb78489ecf4e18416cebb515aadcd', 1410423897, 1411633497),
(38, 1, 'a67eab9181b748695b2cf9da483f09eb91e89a53', 'a2ab22392662ff377bf9a67629ded11fb63b160b', 1410530739, 1411740339),
(39, 1, 'e55e2d76441ca239545ddaf1f0959b9c64aa1992', '97de3eb4880597596c9314ed06e58bef10b65b98', 1410780195, 1411989795),
(40, 1, 'c50a1e25525c1d5d8e65803b4b97a4100e514e6f', '496327e2c1197081754d5c727a5a0da7d6b17ac4', 1411644969, 1412854569);

--
-- Ограничения внешнего ключа сохраненных таблиц
--

--
-- Ограничения внешнего ключа таблицы `se_roles_users`
--
ALTER TABLE `se_roles_users`
  ADD CONSTRAINT `se_roles_users_ibfk_1` FOREIGN KEY (`user_id`) REFERENCES `se_users` (`id`) ON DELETE CASCADE,
  ADD CONSTRAINT `se_roles_users_ibfk_2` FOREIGN KEY (`role_id`) REFERENCES `se_roles` (`id`) ON DELETE CASCADE;

--
-- Ограничения внешнего ключа таблицы `se_user_tokens`
--
ALTER TABLE `se_user_tokens`
  ADD CONSTRAINT `se_user_tokens_ibfk_1` FOREIGN KEY (`user_id`) REFERENCES `se_users` (`id`) ON DELETE CASCADE;
